Section,Subsection,Topic (Bangla),Topic (English),Content type,Priority,Notes
Start Here,Orientation,স্টার্টআপ কী?,What is a startup?,Guide,High,
Start Here,Orientation,"বাংলাদেশে স্টার্টআপ, এসএমই, এজেন্সি ও ই-কমার্স ব্যবসার পার্থক্য",Startup vs SME vs agency vs e-commerce business in Bangladesh,Guide,High,Clarifies business models and growth trajectories. Tip: Use to align founder expectations before registering.
Start Here,Orientation,"স্টার্টআপ করবেন, নাকি সাধারণ ব্যবসা?",Should you build a startup or a normal business?,Guide,High,Helps founders decide between venture-scale growth and lifestyle business. Tip: Assess personal risk appetite.
Start Here,Orientation,বাংলাদেশের স্টার্টআপ ইকোসিস্টেম: কোথা থেকে শুরু করবেন,Bangladesh startup ecosystem overview,Guide,High,"Maps out incubators, VCs, and government initiatives. Tip: Use for early networking."
Start Here,Orientation,বাংলাদেশি ফাউন্ডারদের সাধারণ ভুল ধারণা,Common myths Bangladeshi founders believe,Guide,High,Addresses misconceptions about funding and product-market fit. Tip: Read before validating ideas.
Start Here,Orientation,স্টার্টআপ শব্দকোষ: বাংলা-ইংরেজি টার্মস,Glossary: Bangla-English startup jargon dictionary,Guide,High,Translates common startup terms. Tip: Keep handy during investor meetings.
Start Here,Orientation,প্রতিষ্ঠাতা হিসেবে কোন পথে শুরু করবেন,Founder path chooser,Guide,High,Helps readers choose the right journey before reading everything.
Start Here,Orientation,বাংলাদেশে স্টার্টআপ শুরু করার ৩০ দিনের রোডম্যাপ,30-day roadmap to starting a startup in Bangladesh,Guide,High,Bangla-first starter path.
Start Here,Orientation,এক পৃষ্ঠার স্টার্টআপ পরিকল্পনা,One-page startup plan,Template,High,Simple planning artifact.
Start Here,Orientation,প্রতিষ্ঠাতা হিসেবে আপনি প্রস্তুত কি না: চেকলিস্ট,Founder readiness checklist,Checklist,High,"Skills, time, money, family and risk readiness."
Start Here,Orientation,বাংলা-প্রথম স্টার্টআপ জ্ঞানভান্ডার কীভাবে ব্যবহার করবেন,How to use the Bangla-first startup knowledge base,Guide,Medium,Frameworks for discovering local problems worth solving. Tip: Focus on unorganized sectors.
Phase 1: Starting,Idea & Validation,বাংলাদেশে স্টার্টআপ আইডিয়া খুঁজে পাওয়ার বাস্তব উপায়,How to find startup ideas in Bangladesh,Guide / Template,High,Methods to test if a problem is real. Tip: Talk to 10 potential users before building.
Phase 1: Starting,Idea & Validation,বাংলাদেশি বাজারে আইডিয়া ও সমস্যা যাচাই,Ideation and problem validation in the Bangladeshi market,Guide / Template,High,Highlights high-growth industries. Tip: Cross-reference with your domain expertise.
Phase 1: Starting,Idea & Validation,"বাংলাদেশে সুযোগের খাত: ফিনটেক, এগ্রিটেক, এডটেক, হেলথটেক, লজিস্টিকস, ই-কমার্স","Common opportunity sectors: fintech, agritech, edtech, healthtech, logistics, e-commerce",Guide / Template,High,Techniques like landing pages and pre-sales. Tip: Run low-cost Facebook ads to gauge interest.
Phase 1: Starting,Idea & Validation,প্রোডাক্ট বানানোর আগে চাহিদা যাচাই,How to validate demand without building,Guide / Template,High,Guide on asking non-leading questions. Tip: Avoid pitching your idea during discovery.
Phase 1: Starting,Idea & Validation,বাংলাদেশে কাস্টমার ডিসকভারি ইন্টারভিউ,Customer discovery interviews in Bangladesh,Guide / Template,High,Ready-to-use questions for user research. Tip: Adapt the tone based on the target demographic.
Phase 1: Starting,Idea & Validation,বাংলা ও ইংরেজিতে কাস্টমার ইন্টারভিউ স্ক্রিপ্ট,Customer interview scripts in Bangla and English,Guide / Template,High,Criteria to ensure the problem is painful enough. Tip: Score ideas based on frequency and budget.
Phase 1: Starting,Idea & Validation,সমস্যা যাচাইকরণ চেকলিস্ট,Problem validation checklist,Guide / Template,High,Tool to prioritize multiple ideas. Tip: Weigh market size and execution difficulty.
Phase 1: Starting,Idea & Validation,সমস্যা র‍্যাঙ্কিং স্কোরকার্ড,Problem ranking scorecard,Guide / Template,High,Case studies of early product versions. Tip: Learn how to launch with minimal tech.
Phase 1: Starting,Idea & Validation,বাংলাদেশের জন্য MVP উদাহরণ,MVP examples for Bangladesh,Guide / Template,High,Framework to design validation tests. Tip: Define success metrics before starting.
Phase 1: Starting,Idea & Validation,এমভিপি পরীক্ষা পরিকল্পনাকারী,MVP experiment planner,Guide / Template,High,Strategies to test willingness to pay. Tip: Offer money-back guarantees to build trust.
Phase 1: Starting,Idea & Validation,কম আস্থার বাজারে মূল্য নির্ধারণ পরীক্ষা,Pricing tests in low-trust markets,Guide / Template,High,Comparison of business models and sales cycles. Tip: B2B often has longer sales cycles but higher retention.
Phase 1: Starting,Idea & Validation,বাংলাদেশে B2C বনাম B2B বনাম B2B2C,B2C vs B2B vs B2B2C in Bangladesh,Guide / Template,High,Adapting research methods to local norms. Tip: Account for social desirability bias in interviews.
Phase 1: Starting,Idea & Validation,ভ্যালিডেশনে বাংলাদেশি সংস্কৃতি ও সামাজিক বাস্তবতা,Cultural considerations in validation,Guide / Template,High,
Phase 1: Starting,Market Research,"বাংলাদেশের বাজার তথ্য কোথায় পাবেন: বিবিএস, বিশ্বব্যাংক, বিডা, খাতভিত্তিক প্রতিবেদন","Where to find Bangladesh market data: BBS, World Bank, BIDA, sector reports",Guide,High,
Phase 1: Starting,Market Research,বাংলাদেশে বাজারের আকার কীভাবে নির্ধারণ করবেন,How to size a market in Bangladesh,Guide,High,
Phase 1: Starting,Market Research,"জনসংখ্যাতত্ত্ব, ইন্টারনেট ব্যবহারের হার, মোবাইল-ফার্স্ট আচরণ, শহুরে বনাম গ্রামীণ গতিশীলতা বোঝা","Understanding demographics, internet penetration, mobile-first behavior, urban vs rural dynamics",Guide,High,
Phase 1: Starting,Market Research,বাংলাদেশের জন্য বাজার গবেষণা চেকলিস্ট,Market research checklist for Bangladesh,Guide,High,
Phase 1: Starting,Market Research,বাংলাদেশের বাজারের তথ্য পরিচ্ছন্নভাবে উদ্ধৃত করার উপায়,How to cite Bangladesh market data cleanly,Guide,High,
Phase 1: Starting,Business Structure,একক মালিকানা বনাম অংশীদারী ব্যবসা বনাম প্রাইভেট লিমিটেড কোম্পানি,Sole proprietorship vs partnership vs private limited company,Guide / Comparison,High,
Phase 1: Starting,Business Structure,কোম্পানি আইন ১৯৯৪ এর অধীনে এক ব্যক্তি কোম্পানি (ওপিসি),One Person Company (OPC) under Companies Act 1994,Guide / Comparison,High,
Phase 1: Starting,Business Structure,কখন কোম্পানি নিবন্ধন করবেন,When to register a company,Guide / Comparison,High,
Phase 1: Starting,Business Structure,খরচ ও সময়সীমা সহ ব্যবসায়িক কাঠামোর তুলনামূলক সারণী,Business structure comparison table with costs and timelines,Guide / Comparison,High,
Phase 1: Starting,Business Structure,প্রতিষ্ঠাতা চুক্তির মূল বিষয়গুলি,Founder agreement basics,Guide / Comparison,High,
Phase 1: Starting,Business Structure,বাংলাদেশে co-founder equity split ও vesting,Co-founder equity splits and vesting in Bangladesh,Guide / Comparison,High,
Phase 1: Starting,Business Structure,বাংলাদেশে solo founder বনাম team founder: বাস্তব trade-off,Solo founder vs team founder tradeoffs in Bangladesh,Guide / Comparison,High,
Phase 1: Starting,Company Registration,আরজেএসসি নাম ছাড়পত্র,RJSC name clearance,Guide / Checklist,High,Steps to reserve a company name. Tip: Have 3 alternative names ready.
Phase 1: Starting,Company Registration,ধাপে ধাপে প্রাইভেট লিমিটেড কোম্পানি নিবন্ধন,Private limited company registration step-by-step,Guide / Checklist,High,Detailed incorporation guide. Tip: Hire a professional if you want to save time.
Phase 1: Starting,Company Registration,স্মারকলিপি এবং সংঘবিধির মূল বিষয়াবলী,Memorandum and Articles of Association basics,Guide / Checklist,High,Explains the constitutional documents of a company. Tip: Use standard templates unless you have complex needs.
Phase 1: Starting,Company Registration,আরজেএসসি ফি এবং সময়সীমা সংক্রান্ত প্রত্যাশা,RJSC fees and timeline expectations,Guide / Checklist,High,Breakdown of official costs. Tip: Keep extra budget for miscellaneous processing fees.
Phase 1: Starting,Company Registration,আরজেএসসি-এর সাধারণ ভুলগুলো,Common RJSC mistakes,Guide / Checklist,High,Pitfalls during registration. Tip: Double-check all NID details before submission.
Phase 1: Starting,Company Registration,ডিজিটাল ব্যবসায়িক পরিচয় (ডিবিআইডি),Digital Business Identity (DBID),Guide / Checklist,High,Guide on mandatory e-commerce registration. Tip: Required for all online sellers.
Phase 1: Starting,Company Registration,সত্যায়িত অনুলিপি এবং রিটার্ন দাখিলের প্রাথমিক বিষয়াবলী,Certified copies and returns filing basics,Guide / Checklist,High,Post-registration compliance. Tip: Set calendar reminders for annual filings.
Phase 1: Starting,Company Registration,আইনসম্মতভাবে একটি কোম্পানি বন্ধ করে দেওয়া,Closing down a company legally,Guide / Checklist,High,"Process for winding up. Tip: Do not just abandon the company, it can lead to legal issues."
Phase 1: Starting,Local Licenses & Tax,ট্রেড লাইসেন্স নির্দেশিকা,Trade license guide,Guide / Tracker,High,How to get a basic business license. Tip: Apply at the local city corporation or union parishad.
Phase 1: Starting,Local Licenses & Tax,ট্রেড লাইসেন্সের খরচ এবং নবায়ন প্রক্রিয়া,Trade license costs and renewal process,Guide / Tracker,High,Fee structures and deadlines. Tip: Renew before July to avoid penalties.
Phase 1: Starting,Local Licenses & Tax,ই-টিআইএন গাইড,e-TIN guide,Guide / Tracker,High,Steps to get a Tax Identification Number. Tip: Required for directors and the company.
Phase 1: Starting,Local Licenses & Tax,ভ্যাট/বিন নির্দেশিকা,VAT/BIN guide,Guide / Tracker,High,How to get a Business Identification Number. Tip: Needed for importing or participating in tenders.
Phase 1: Starting,Local Licenses & Tax,যখন ভ্যাট নিবন্ধন প্রয়োজন,When VAT registration is required,Guide / Tracker,High,Thresholds for mandatory VAT. Tip: Check if your specific service is exempt.
Phase 1: Starting,Local Licenses & Tax,কীভাবে ট্যাক্স এবং ভ্যাট রিটার্ন দাখিল করবেন,How to file tax and VAT returns,Guide / Tracker,High,Basic filing procedures. Tip: Hire a tax consultant for the first few filings.
Phase 1: Starting,Local Licenses & Tax,টার্নওভার ট্যাক্স এবং ভ্যাট থ্রেশহোল্ড ব্যাখ্যা,Turnover tax and VAT threshold explainer,Guide / Tracker,High,Differences between turnover tax and standard VAT. Tip: Keep accurate sales records.
Phase 1: Starting,Local Licenses & Tax,বার্ষিক সম্মতি চেকলিস্ট,Annual compliance checklist,Guide / Tracker,High,Yearly legal requirements. Tip: Maintain a compliance folder.
Phase 1: Starting,Local Licenses & Tax,"বাজেট, এনবিআর সার্কুলার, আরজেএসসি নোটিশের নিয়ন্ত্রক পরিবর্তন তালিকা","Regulatory changelog for budget, NBR circulars, RJSC notices",Guide / Tracker,High,
Phase 1: Starting,Banking & Payments Setup,ব্যবসায়িক ব্যাংক অ্যাকাউন্ট নির্দেশিকা,Business bank account guide,Guide / Checklist,High,
Phase 1: Starting,Banking & Payments Setup,কোন ব্যাংকগুলো স্টার্টআপ-বান্ধব?,Which banks are startup-friendly,Guide / Checklist,High,
Phase 1: Starting,Banking & Payments Setup,কর্পোরেট ব্যাংক অ্যাকাউন্টের ডকুমেন্টেশন চেকলিস্ট,Corporate bank account documentation checklist,Guide / Checklist,High,
Phase 1: Starting,Banking & Payments Setup,বিকাশ/নগদ/পেমেন্ট গেটওয়ে বেসিক,bKash/Nagad/payment gateway basics,Guide / Checklist,High,
Phase 1: Starting,Banking & Payments Setup,"পেমেন্ট গেটওয়ে ইন্টিগ্রেশন: SSLCommerz, AmarPay, PortWallet","Payment gateway integration: SSLCommerz, AmarPay, PortWallet",Guide / Checklist,High,
Phase 1: Starting,Banking & Payments Setup,কার্ড ব্যবহারের কম হার: ব্যবসায়িক প্রভাব,Low card penetration implications,Guide / Checklist,High,
Phase 1: Starting,Banking & Payments Setup,"SaaS রপ্তানি, রেমিটেন্স এবং বিদেশী শেয়ারহোল্ডারদের জন্য বৈদেশিক মুদ্রা বিনিময়ের প্রাথমিক বিষয়াবলী","Foreign exchange basics for SaaS export, remittance, and foreign shareholders",Guide / Checklist,High,
Phase 1: Starting,Import / Export / IP,আমদানি/রপ্তানি নিবন্ধনের প্রাথমিক বিষয়াবলী,Import/export registration basics,Guide,Medium,
Phase 1: Starting,Import / Export / IP,আইআরসি/ইআরসি চেকলিস্ট,IRC/ERC checklist,Guide,Medium,
Phase 1: Starting,Import / Export / IP,বাংলাদেশ থেকে রপ্তানিমুখী SaaS,Export-oriented SaaS from Bangladesh,Guide,Medium,
Phase 1: Starting,Import / Export / IP,মেধাস্বত্ব এবং ট্রেডমার্কের প্রাথমিক বিষয়াবলী,Intellectual property and trademark basics,Guide,Medium,
Phase 1: Starting,Import / Export / IP,"কপিরাইট, পেটেন্ট, ডিজাইন এবং ট্রেডমার্ক","Copyright, patents, designs, and trademarks",Guide,Medium,
Phase 1: Starting,Import / Export / IP,ইসলামী অর্থায়ন / হালাল ব্যবসা সংক্রান্ত বিবেচ্য বিষয়সমূহ (যেখানে প্রাসঙ্গিক),Islamic finance / halal business considerations where relevant,Guide,Medium,
Phase 1: Starting,Idea & Validation,সমস্যার তালিকা থেকে ব্যবসার সুযোগ বাছাই,Turning a problem list into a business opportunity,Guide / Template,High,Practical ideation workflow.
Phase 1: Starting,Idea & Validation,ঢাকার বাইরে গ্রাহক যাচাই করার পদ্ধতি,How to validate customers outside Dhaka,Guide,High,Bangladesh-specific distribution reality.
Phase 1: Starting,Idea & Validation,ফেসবুক গ্রুপে চাহিদা পরীক্ষা,Testing demand in Facebook groups,Playbook,High,DataReportal shows Facebook is a major Bangladesh channel.
Phase 1: Starting,Idea & Validation,প্রি-অর্ডার নাকি ওয়েটলিস্ট: কোনটা ব্যবহার করবেন,Pre-orders vs waitlists in Bangladesh,Guide,High,Useful for commerce and SaaS.
Phase 1: Starting,Idea & Validation,"সার্ভে নয়, সাক্ষাৎকার: বাংলাদেশে কেন বেশি কার্যকর",Why interviews beat surveys in Bangladesh,Guide,High,Low-trust market nuance.
Phase 1: Starting,Idea & Validation,"ফিল্ড রিসার্চ পরিকল্পনা: বাজার, দোকান, মহল্লা","Field research plan: markets, shops and neighborhoods",Template,High,For offline-first validation.
Phase 1: Starting,Idea & Validation,"প্রতিযোগী ম্যাপ: অনলাইন, অফলাইন ও অনানুষ্ঠানিক প্রতিদ্বন্দ্বী","Competitor map: online, offline and informal competitors",Template,High,Includes informal economy.
Phase 1: Starting,Idea & Validation,নকল আইডিয়া বনাম বাংলাদেশে মানানো আইডিয়া,Copied ideas vs localized ideas,Guide,Medium,Avoid shallow Silicon Valley copying.
Phase 1: Starting,Idea & Validation,প্রথম দিকের বিশ্বাসযোগ্যতার সংকেত কীভাবে পরীক্ষা করবেন,How to test early trust signals,Guide,High,Trust-first Bangladesh angle.
Phase 1: Starting,Idea & Validation,গ্রাহকের পেমেন্ট আচরণ কীভাবে যাচাই করবেন,How to validate customer payment behavior,Guide,High,"Important for COD, wallet and subscription businesses."
Phase 1: Starting,Idea & Validation,গ্রাহকের ভাষা সংগ্রহ করে বাংলা কপি লেখা,Collecting customer language for Bangla copywriting,Template,Medium,Supports Bangla-first UX and landing pages.
Phase 1: Starting,Market Research,"BBS, BTRC, World Bank ও DataReportal দিয়ে বাজার বোঝা","Using BBS, BTRC, World Bank and DataReportal for market research",Guide,High,"Source lead: BBS, BTRC, World Bank, DataReportal."
Phase 1: Starting,Market Research,ফেসবুক অ্যাড লাইব্রেরি দিয়ে বাজার ও প্রতিযোগী বোঝা,Using Facebook Ad Library for market and competitor research,Guide,Medium,Useful for social commerce categories.
Phase 1: Starting,Market Research,"দোকান, বাজার ও মহল্লা পর্যবেক্ষণের ফিল্ড নোট টেমপ্লেট","Field notes template for shops, markets and neighborhoods",Template,High,For physical and commerce startups.
Phase 1: Starting,Market Research,বাংলাদেশে TAM/SAM/SOM হিসাব করার সহজ পদ্ধতি,Simple TAM/SAM/SOM sizing for Bangladesh,Guide / Template,High,Localized market sizing.
Phase 1: Starting,Market Research,"শহরভিত্তিক লঞ্চ বাজার বাছাই: ঢাকা, চট্টগ্রাম, সিলেট, রাজশাহী, খুলনা","Choosing launch cities: Dhaka, Chattogram, Sylhet, Rajshahi, Khulna",Guide,Medium,Supports city expansion planning.
Phase 1: Starting,Market Research,গ্রামীণ বনাম শহুরে গ্রাহকের গ্রহণযোগ্যতার পার্থক্য,Rural vs urban customer adoption differences,Guide,Medium,Use BBS and field interviews.
Phase 1: Starting,Market Research,বাংলাদেশি গ্রাহক পারসোনা কীভাবে বানাবেন,How to build Bangladeshi consumer personas,Template,Medium,Bangla-first customer segmentation.
Phase 1: Starting,Business Structure,একক মালিকানা দিয়ে শুরু করবেন কি না,Should you start as a sole proprietorship?,Guide,High,Trade license and tax path.
Phase 1: Starting,Business Structure,পার্টনারশিপ ডিডে কী কী থাকবে,Partnership deed essentials,Checklist,Medium,For non-company teams.
Phase 1: Starting,Business Structure,"প্রাইভেট লিমিটেড, OPC নাকি একক মালিকানা: সিদ্ধান্ত নেওয়ার গাইড","Private limited, OPC or sole proprietorship decision tree",Guide / Comparison,High,"Source lead: RJSC, BIDA."
Phase 1: Starting,Business Structure,বিদেশি মালিকানাধীন কোম্পানি শুরু করার বেসিক,Basics of starting a foreign-owned company in Bangladesh,Guide,High,Source lead: BIDA foreign investment resources.
Phase 1: Starting,Business Structure,"ব্রাঞ্চ, লিয়াজোঁ ও রিপ্রেজেন্টেটিভ অফিসের পার্থক্য","Branch, liaison and representative office differences",Guide,Medium,For foreign/diaspora founders.
Phase 1: Starting,Business Structure,"শেয়ার ক্যাপিটাল, পরিচালক ও শেয়ারহোল্ডার বেসিক","Share capital, directors and shareholders basics",Guide,High,RJSC-facing explainer.
Phase 1: Starting,Company Registration,কোম্পানি নিবন্ধনের পর প্রথম ১০টি কাজ,First 10 things after company registration,Checklist,High,"Bank, TIN, VAT, accounting, compliance."
Phase 1: Starting,Company Registration,RJSC বার্ষিক রিটার্ন ও ফাইলিং ক্যালেন্ডার,RJSC annual returns and filing calendar,Tracker,High,Source lead: RJSC.
Phase 1: Starting,Company Registration,BIDA OSS ও BanglaBiz starter resources কীভাবে ব্যবহার করবেন,How to use BIDA OSS and BanglaBiz starter resources,Guide,High,Source lead: BIDA OSS.
Phase 1: Starting,Company Registration,"CA, আইনজীবী ও কোম্পানি সেক্রেটারি বাছাইয়ের গাইড","How to choose a CA, lawyer and company secretary",Guide,Medium,Credibility and cost control.
Phase 1: Starting,Company Registration,কোম্পানি বন্ধ করার আগে কী কী ভাববেন,What to consider before closing a company,Guide / Checklist,Medium,Rare but important lifecycle topic.
Phase 1: Starting,Local Licenses & Tax,সিটি কর্পোরেশনভেদে ট্রেড লাইসেন্স ক্যাটেগরি বাছাই,Choosing the right trade license category by city corporation,Guide,High,Source lead: city corporation pages.
Phase 1: Starting,Local Licenses & Tax,কারখানা লাইসেন্স ও DIFE কমপ্লায়েন্স বেসিক,Factory license and DIFE compliance basics,Guide / Checklist,High,For physical/manufacturing startups.
Phase 1: Starting,Local Licenses & Tax,ফায়ার লাইসেন্স ও নিরাপত্তা ছাড়পত্র বেসিক,Fire license and safety clearance basics,Guide / Checklist,High,"For offices, warehouses and factories."
Phase 1: Starting,Local Licenses & Tax,পরিবেশ ছাড়পত্র: কোন ব্যবসার জন্য দরকার,Environmental clearance: which businesses need it?,Guide,High,Source lead: Department of Environment.
Phase 1: Starting,Local Licenses & Tax,BSTI সার্টিফিকেশন কখন লাগবে,When BSTI certification is required,Guide,Medium,For product and manufacturing businesses.
Phase 1: Starting,Local Licenses & Tax,খাদ্য ব্যবসা করলে BFSA ও নিরাপদ খাদ্য চেকলিস্ট,BFSA and food safety checklist for food businesses,Checklist,High,"For food, grocery and agro-processing."
Phase 1: Starting,Local Licenses & Tax,"ওষুধ, সাপ্লিমেন্ট বা স্বাস্থ্যপণ্য হলে DGDA পথচিত্র","DGDA pathway for medicine, supplements and health products",Guide,High,For health commerce and products.
Phase 1: Starting,Local Licenses & Tax,"SMS, টেলিকম বা ISP পণ্যে BTRC প্রশ্নগুলো","BTRC questions for SMS, telecom and ISP products",Guide,Medium,"For OTP, telco and connectivity products."
Phase 1: Starting,Local Licenses & Tax,কুরিয়ার বা লজিস্টিকস ব্যবসার লাইসেন্সিং প্রশ্ন,Licensing questions for courier or logistics businesses,Guide,Medium,For logistics startups.
Phase 1: Starting,Local Licenses & Tax,রাইড-শেয়ারিং বা পরিবহন পণ্যের নিয়ন্ত্রক চেকলিস্ট,Regulatory checklist for ride-sharing or transport products,Checklist,Medium,For mobility startups.
Phase 1: Starting,Local Licenses & Tax,ট্রাভেল এজেন্সি বা tour operator ব্যবসা শুরুর চেকলিস্ট,Checklist for starting a travel agency or tour operator,Checklist,Medium,For travel startups.
Phase 1: Starting,Local Licenses & Tax,"কারখানার ইউটিলিটি সেটআপ: বিদ্যুৎ, গ্যাস, পানি, বয়লার","Factory utility setup: electricity, gas, water and boiler",Guide,Medium,For manufacturing and processing businesses.
Phase 1: Starting,Local Licenses & Tax,"কর ক্যালেন্ডার: আয়কর, VAT, TDS, VDS ও বার্ষিক রিটার্ন","Tax calendar: income tax, VAT, TDS, VDS and annual returns",Tracker,High,Source lead: NBR.
Phase 1: Starting,Local Licenses & Tax,ব্যক্তিগত e-TIN বনাম কোম্পানি TIN,Personal e-TIN vs company TIN,Guide,High,Source lead: NBR e-TIN.
Phase 1: Starting,Local Licenses & Tax,BIN/VAT নিবন্ধনের পর মাসিক রিটার্নের কাজের ধাপ,Monthly return workflow after BIN/VAT registration,Guide,High,Source lead: VAT Online.
Phase 1: Starting,Local Licenses & Tax,মূসক ৬.৩ চালান ও VAT ডকুমেন্টেশন বেসিক,Mushak 6.3 invoice and VAT documentation basics,Guide,High,Source lead: NBR VAT guides.
Phase 1: Starting,Local Licenses & Tax,ভেন্ডর পেমেন্টের সময় TDS/VDS কী কাটবেন,TDS/VDS on vendor payments,Guide,High,Needs CA review.
Phase 1: Starting,Local Licenses & Tax,পে-রোল ট্যাক্স ও কর্মী ডকুমেন্টেশন,Payroll tax and employee documentation,Guide,Medium,For first hires.
Phase 1: Starting,Local Licenses & Tax,"অডিট, হিসাব ও বুককিপিং সেটআপ","Audit, accounts and bookkeeping setup",Guide / Checklist,High,For registered companies.
Phase 1: Starting,Local Licenses & Tax,a-Chalan ও অনলাইন কর পেমেন্টের কাজের ধাপ,a-Chalan and online tax payment workflow,Guide,Medium,Source lead: NBR / a-Chalan.
Phase 1: Starting,Local Licenses & Tax,প্রতি জুনে বাজেট চেঞ্জলগ কীভাবে আপডেট করবেন,How to update the budget changelog every June,Process,High,Keep compliance content fresh.
Phase 1: Starting,Banking & Payments Setup,মার্চেন্ট অ্যাকাউন্ট খুলতে কী কী লাগে,What you need to open a merchant account,Checklist,High,Bank and payment gateway docs.
Phase 1: Starting,Banking & Payments Setup,"SSLCommerz, aamarPay ও PortWallet তুলনা চেকলিস্ট","SSLCommerz, aamarPay and PortWallet comparison checklist",Comparison,High,Gateway selection framework.
Phase 1: Starting,Banking & Payments Setup,bKash মার্চেন্ট অ্যাকাউন্ট বনাম ব্যক্তিগত অ্যাকাউন্ট,bKash merchant account vs personal account,Guide,High,Keep brand name intact.
Phase 1: Starting,Banking & Payments Setup,Nagad ও Rocket মার্চেন্ট সেটআপ চেকলিস্ট,Nagad and Rocket merchant setup checklist,Checklist,Medium,Wallet acceptance path.
Phase 1: Starting,Banking & Payments Setup,"পেমেন্ট মিলানো: গেটওয়ে, ওয়ালেট, ব্যাংক ও COD","Payment reconciliation across gateway, wallet, bank and COD",Guide / Template,High,Ops-critical topic.
Phase 1: Starting,Banking & Payments Setup,"রিফান্ড, চার্জব্যাক ও বিরোধ সামলানো","Refunds, chargebacks and dispute handling",Guide,High,Trust and finance ops.
Phase 1: Starting,Banking & Payments Setup,সাবস্ক্রিপশন পেমেন্ট নেওয়ার বাস্তবতা,Reality of taking subscription payments in Bangladesh,Guide,High,"Cards, wallets, invoices and manual renewal."
Phase 1: Starting,Banking & Payments Setup,"আন্তর্জাতিক পেমেন্ট, কার্ড ও পেমেন্ট লিংকের সীমাবদ্ধতা","International payment, card and payment-link constraints",Guide,Medium,Source lead: Bangladesh Bank / gateways.
Phase 1: Starting,Banking & Payments Setup,COD নগদ টাকা মিলানোর টেমপ্লেট,COD cash reconciliation template,Template,High,For commerce operators.
Phase 1: Starting,Banking & Payments Setup,পেমেন্ট জালিয়াতির ঝুঁকি চেকলিস্ট,Payment fraud risk checklist,Checklist,Medium,For online sellers.
Phase 1: Starting,Import / Export / IP,HS code কীভাবে খুঁজবেন,How to find the right HS code,Guide,High,Source lead: Bangladesh Customs / Trade Portal.
Phase 1: Starting,Import / Export / IP,IRC/ERC করার ধাপে ধাপে গাইড,Step-by-step guide to IRC/ERC,Guide,High,Source lead: CCIE.
Phase 1: Starting,Import / Export / IP,"LC, LCAF ও ব্যাংক ডকুমেন্টেশন বেসিক","LC, LCAF and bank documentation basics",Guide,High,For importers.
Phase 1: Starting,Import / Export / IP,"ল্যান্ডেড কস্ট ক্যালকুলেটর: শুল্ক, VAT, পরিবহন ও ক্লিয়ারিং","Landed cost calculator: duty, VAT, freight and clearing",Calculator,High,For import product decisions.
Phase 1: Starting,Import / Export / IP,C&F এজেন্ট বাছাইয়ের চেকলিস্ট,C&F agent selection checklist,Checklist,High,Practical import/export ops.
Phase 1: Starting,Import / Export / IP,"ফ্রেইট ফরওয়ার্ডার বাছাই: আকাশপথ, সমুদ্রপথ, কুরিয়ার","Choosing a freight forwarder: air, sea and courier",Guide,Medium,Physical goods path.
Phase 1: Starting,Import / Export / IP,Incoterms সহজ বাংলায়,Incoterms in plain Bangla,Guide,Medium,Import/export education.
Phase 1: Starting,Import / Export / IP,"প্রোফর্মা ইনভয়েস, কমার্শিয়াল ইনভয়েস ও প্যাকিং লিস্ট","Proforma invoice, commercial invoice and packing list",Guide / Template,High,Document templates.
Phase 1: Starting,Import / Export / IP,উৎপত্তি সনদ কখন দরকার,When a certificate of origin is needed,Guide,Medium,Export/trade process.
Phase 1: Starting,Import / Export / IP,রপ্তানি আয় দেশে আনার বেসিক,Export proceeds repatriation basics,Guide,High,Source lead: Bangladesh Bank foreign exchange rules.
Phase 1: Starting,Import / Export / IP,EPB নিবন্ধন ও রপ্তানি প্রণোদনার পথ,EPB registration and export incentive path,Guide,Medium,Source lead: EPB.
Phase 1: Starting,Import / Export / IP,বন্ডেড ওয়্যারহাউস কী এবং কাদের জন্য,What bonded warehouses are and who should use them,Guide,Medium,For export manufacturing.
Phase 1: Starting,Import / Export / IP,BEPZA ও BEZA: রপ্তানিমুখী উৎপাদনের জন্য কখন ভাববেন,When to consider BEPZA and BEZA for export manufacturing,Guide,Medium,Source lead: BEPZA / BEZA.
Phase 1: Starting,Import / Export / IP,পণ্যের লেবেলিং ও প্যাকেজিং কমপ্লায়েন্স,Product labeling and packaging compliance,Checklist,High,For consumer goods.
Phase 1: Starting,Import / Export / IP,স্যাম্পল আমদানি ও প্রোটোটাইপ শিপমেন্ট,Sample imports and prototype shipments,Guide,Medium,Early physical product testing.
Phase 1: Starting,Import / Export / IP,বিদেশি সাপ্লায়ার যাচাইয়ের চেকলিস্ট,Foreign supplier verification checklist,Checklist,High,Alibaba and sourcing risk.
Phase 1: Starting,Import / Export / IP,Alibaba থেকে আমদানি করলে ঝুঁকি কমানোর উপায়,Reducing risk when importing from Alibaba,Guide,Medium,Practical sourcing content.
Phase 1: Starting,Import / Export / IP,শিপমেন্টের আগে গুণমান পরীক্ষা চেকলিস্ট,Pre-shipment quality inspection checklist,Checklist,High,For product quality.
Phase 1: Starting,Import / Export / IP,কাস্টমস ক্লিয়ারেন্স দেরি হলে কী করবেন,What to do when customs clearance is delayed,Guide,Medium,Import ops troubleshooting.
Phase 1: Starting,Import / Export / IP,ট্রেডমার্ক খোঁজা ও ফাইলিং গাইড,Trademark search and filing guide,Guide,High,Source lead: DPDT.
Phase 1: Starting,Import / Export / IP,ব্র্যান্ড নাম নেওয়ার আগে ট্রেডমার্ক সংঘাত পরীক্ষা,Trademark conflict check before choosing a brand name,Checklist,High,Avoid future rebrand.
Phase 1: Starting,Import / Export / IP,"সফটওয়্যার, কোর্স ও কনটেন্টের কপিরাইট বেসিক","Copyright basics for software, courses and content",Guide,Medium,Source lead: Copyright Office.
Phase 1: Starting,Import / Export / IP,ফ্রিল্যান্সার দিয়ে বানালে মেধাস্বত্ব হস্তান্তর কীভাবে নেবেন,How to get IP assignment from freelancers,Checklist,High,Contract hygiene.
Phase 1: Starting,Import / Export / IP,"পেটেন্ট, ডিজাইন ও GI: কোনটা আপনার জন্য প্রাসঙ্গিক","Patent, design and GI: which one matters for you?",Guide,Medium,Source lead: DPDT.
Phase 2: Building,Founding & Team,সহ-প্রতিষ্ঠাতা খুঁজে বের করার উপায়,How to find co-founders,Guide / Template,High,
Phase 2: Building,Founding & Team,"সহ-প্রতিষ্ঠাতাদের সাথে কোথায় দেখা করবেন: অনুষ্ঠান, কমিউনিটি, বিশ্ববিদ্যালয়","Where to meet co-founders: events, communities, universities",Guide / Template,High,
Phase 2: Building,Founding & Team,সহ-প্রতিষ্ঠাতা চুক্তি কীভাবে গঠন করবেন,How to structure co-founder agreements,Guide / Template,High,
Phase 2: Building,Founding & Team,ইকুইটি বিভাজন আলোচনা নির্দেশিকা,Equity split discussion guide,Guide / Template,High,
Phase 2: Building,Founding & Team,ভেস্টিংয়ের প্রাথমিক বিষয়গুলো সহজ বাংলায় অনুবাদ করা হয়েছে,Vesting basics translated into plain Bangla,Guide / Template,High,
Phase 2: Building,Founding & Team,অনানুষ্ঠানিক সহ-প্রতিষ্ঠাতা হিসেবে পরিবারের সম্পৃক্ততা,Family involvement as informal co-founders,Guide / Template,High,
Phase 2: Building,Hiring,প্রথম কর্মী কীভাবে নিয়োগ করবেন,Hiring first employees,Guide / Template,High,
Phase 2: Building,Hiring,প্রথম কর্মী বনাম ফ্রিল্যান্সার বনাম ইন্টার্ন নিয়োগ,Hiring first employee vs freelancer vs intern,Guide / Template,High,
Phase 2: Building,Hiring,ইন্টার্ন এবং ছাত্র প্রতিভা,Interns and student talent,Guide / Template,High,
Phase 2: Building,Hiring,রিমোট টিমের কাজের নিয়ম,Remote team norms,Guide / Template,High,
Phase 2: Building,Hiring,বুটস্ট্র্যাপিং কৌশল হিসেবে remote/outsourced hiring,Remote/outsourced hiring as a bootstrapping tactic,Guide / Template,High,
Phase 2: Building,Hiring,শ্রম আইনের প্রাথমিক ধারণা: বাংলাদেশ শ্রম আইন ২০০৬,Labor law basics: Bangladesh Labour Act 2006,Guide / Template,High,
Phase 2: Building,Hiring,কর্মসংস্থান চুক্তি,Employment contracts,Guide / Template,High,
Phase 2: Building,Hiring,"ইপিএফ, গ্র্যাচুইটি এবং অন্যান্য সুবিধার প্রাথমিক বিষয়াবলী","EPF, gratuity, and benefits basics",Guide / Template,High,
Phase 2: Building,Hiring,বেতনের মানদণ্ড গবেষণা পরিকল্পনা,Salary benchmarks research plan,Guide / Template,High,
Phase 2: Building,Hiring,"প্রতিভা কোথায় খুঁজে পাবেন: লিঙ্কডইন, ফেসবুক গ্রুপ, চাকরি.কম, বিডিজবস, বিশ্ববিদ্যালয়ের ক্যারিয়ার অফিস","Where to find talent: LinkedIn, Facebook groups, Chakri.com, BDJobs, university career offices",Guide / Template,High,
Phase 2: Building,Hiring,বাংলাদেশি স্টার্টআপগুলিতে সাংস্কৃতিক ভুল,Culture mistakes in Bangladeshi startups,Guide / Template,High,
Phase 2: Building,Hiring,প্রতিভা ধরে রাখা এবং মেধা পাচার,Talent retention and brain drain,Guide / Template,High,
Phase 2: Building,Hiring,নিয়োগ স্কোরকার্ড,Hiring scorecard,Guide / Template,High,
Phase 2: Building,Product,বাংলাদেশে আপনার পণ্য তৈরি করা,Building your product in Bangladesh,Guide,Medium,
Phase 2: Building,Product,বাংলাদেশে ডেভেলপার খোঁজা,Finding developers in Bangladesh,Guide,Medium,
Phase 2: Building,Product,ফ্রিল্যান্সার ইকোসিস্টেম এবং স্থানীয় বনাম অফশোর উন্নয়ন,Freelancer ecosystem and local vs offshore development,Guide,Medium,
Phase 2: Building,Product,"টেক স্ট্যাক বিবেচ্য বিষয়: মোবাইল-ফার্স্ট, লো-ব্যান্ডউইথ অপ্টিমাইজেশন","Tech stack considerations: mobile-first, low-bandwidth optimization",Guide,Medium,
Phase 2: Building,Product,বাংলা ইউএক্স এবং মোবাইল-ফার্স্ট পণ্য,Bangla UX and mobile-first products,Guide,Medium,
Phase 2: Building,Product,গ্রাহকের ডেটার জন্য ডেটা গোপনীয়তা/সুরক্ষার বাধ্যবাধকতা,Data privacy/protection obligations for customer data,Guide,Medium,
Phase 2: Building,Product,তথ্য ও যোগাযোগ প্রযুক্তি আইন এবং উদীয়মান প্রবিধানের সংক্ষিপ্ত বিবরণ,ICT Act and emerging regulations overview,Guide,Medium,
Phase 2: Building,Product,"মেধাস্বত্ব হস্তান্তর, গোপনীয়তা চুক্তি, অপ্রতিযোগিতা চুক্তির প্রয়োগযোগ্যতার মৌলিক বিষয়সমূহ","IP assignment, NDA, non-compete enforceability basics",Guide,Medium,
Phase 2: Building,Founding & Team,প্রতিষ্ঠাতা ভূমিকা ম্যাট্রিক্স: কে কী করবে,Founder role matrix: who does what,Template,High,Avoid vague co-founder roles.
Phase 2: Building,Founding & Team,সহ-প্রতিষ্ঠাতা আলাদা হলে কীভাবে সামলাবেন,How to handle a co-founder breakup,Guide / Script,High,Very common risk.
Phase 2: Building,Founding & Team,উপদেষ্টা চুক্তি ও মেন্টর ইকুইটি বেসিক,Advisor agreements and mentor equity basics,Guide,Medium,Plain-language equity guidance.
Phase 2: Building,Founding & Team,ESOP বা কর্মী শেয়ার পরিকল্পনা বেসিক,ESOP or employee share plan basics,Guide,Medium,Growth-stage topic.
Phase 2: Building,Founding & Team,পরিবারের টাকা নিলে লিখিত শর্ত কী হবে,Written terms when taking family money,Template,High,Bangladesh-specific reality.
Phase 2: Building,Founding & Team,ফ্রিল্যান্সার চুক্তি ও মেধাস্বত্ব মালিকানা চেকলিস্ট,Freelancer contract and IP ownership checklist,Checklist,High,Avoid ownership disputes.
Phase 2: Building,Hiring,প্রথম ইন্টার্নশিপ প্রোগ্রাম কীভাবে চালাবেন,How to run your first internship program,Guide,Medium,Student talent path.
Phase 2: Building,Hiring,"অফার লেটার, probation ও joining চেকলিস্ট","Offer letter, probation and joining checklist",Template,High,First-hire basics.
Phase 2: Building,Hiring,ছুটি নীতি ও অফিস নিয়মের টেমপ্লেট,Leave policy and office rules template,Template,Medium,Small team HR hygiene.
Phase 2: Building,Hiring,"চাকরি শেষ করা, নোটিশ পিরিয়ড ও গ্র্যাচুইটি বেসিক","Termination, notice period and gratuity basics",Guide,High,Needs labor-law review.
Phase 2: Building,Hiring,"পে-রোল প্রক্রিয়া: বেতন শিট, ব্যাংক ট্রান্সফার ও কর","Payroll process: salary sheet, bank transfer and tax",Guide / Template,Medium,Ops foundation.
Phase 2: Building,Hiring,বাংলায় চাকরির পোস্ট কীভাবে লিখবেন,How to write job posts in Bangla,Template,Medium,Improves candidate quality.
Phase 2: Building,Product,লো-এন্ড অ্যান্ড্রয়েড ফোনের জন্য পণ্য অপটিমাইজ করা,Optimizing products for low-end Android phones,Guide,High,Bangladesh mobile-first reality.
Phase 2: Building,Product,"বাংলা UX লেখা: শব্দ, টোন ও ফ্লো","Bangla UX writing: words, tone and flow",Guide,High,Bangla-first product support.
Phase 2: Building,Product,SMS OTP খরচ ও বিকল্প লগইন ফ্লো,SMS OTP costs and alternative login flows,Guide,Medium,Local cost and reliability issue.
Phase 2: Building,Product,গ্রাহকের ডেটা সম্মতি ও গোপনীয়তা নোটিশ টেমপ্লেট,Customer data consent and privacy notice template,Template,High,Data protection hygiene.
Phase 2: Building,Product,ছোট স্টার্টআপের সাইবার নিরাপত্তা বেসিক,Cybersecurity basics for small startups,Guide,Medium,"Passwords, access, backups, payments."
Phase 2: Building,Product,নো-কোড MVP বানানো: কখন যথেষ্ট,Building a no-code MVP: when it is enough,Guide,Medium,Bootstrapping path.
Phase 2: Building,Physical Product,প্রোটোটাইপ থেকে প্রথম ব্যাচ,From prototype to first batch,Guide,High,Physical-product startup path.
Phase 2: Building,Physical Product,BOM ও খরচের শিট বানানো,Building a BOM and costing sheet,Template,High,Manufacturing finance.
Phase 2: Building,Physical Product,লোকাল সাপ্লায়ার খোঁজার চেকলিস্ট,Local supplier sourcing checklist,Checklist,High,"For food, apparel, hardware, packaging."
Phase 2: Building,Physical Product,প্রথম উৎপাদন ব্যাচের গুণমান নিয়ন্ত্রণ চেকলিস্ট,Quality control checklist for first production run,Checklist,High,Avoid defective launch inventory.
Phase 2: Building,Physical Product,প্যাকেজিং ও লেবেল ডিজাইন অনুমোদনের কাজের ধাপ,Packaging and label design approval workflow,Guide,Medium,"Brand, compliance and retail."
Phase 2: Building,Physical Product,ইনভেন্টরি ও ওয়্যারহাউস সেটআপ,Inventory and warehouse setup,Guide,High,Commerce and physical goods.
Phase 2: Building,Physical Product,কোল্ড চেইন লাগলে কীভাবে পরিকল্পনা করবেন,How to plan if cold chain is required,Guide,Medium,"Food, pharma, health products."
Phase 2: Building,Physical Product,উৎপাদন পার্টনার যাচাইয়ের চেকলিস্ট,Manufacturing partner due diligence,Checklist,High,Supplier risk management.
Phase 3: Launching & Growing,Local Market Playbooks,বাংলাদেশে আপনার প্রথম ১০০ জন গ্রাহক কীভাবে পাবেন,How to get your first 100 customers in Bangladesh,Playbook / Template,High,
Phase 3: Launching & Growing,Local Market Playbooks,ফেসবুক কমার্স প্লেবুক,Facebook commerce playbook,Playbook / Template,High,
Phase 3: Launching & Growing,Local Market Playbooks,হোয়াটসঅ্যাপ এবং মেসেঞ্জার বিক্রয় কৌশলপুস্তক,WhatsApp and Messenger sales playbook,Playbook / Template,High,
Phase 3: Launching & Growing,Local Market Playbooks,একটি পূর্ণাঙ্গ ওয়েবসাইট তৈরির আগে ফেসবুক/হোয়াটসঅ্যাপের উপর ভিত্তি করে কাজ করা।,Building on Facebook/WhatsApp before a full website,Playbook / Template,High,
Phase 3: Launching & Growing,Local Market Playbooks,বাংলা ল্যান্ডিং পেজ কপিরাইটিং,Bangla landing page copywriting,Playbook / Template,High,
Phase 3: Launching & Growing,Local Market Playbooks,ল্যান্ডিং পেজ টেমপ্লেট,Landing page template,Playbook / Template,High,
Phase 3: Launching & Growing,Local Market Playbooks,ফেসবুক বিজ্ঞাপন পরীক্ষা পরিকল্পনাকারী,Facebook ad test planner,Playbook / Template,High,
Phase 3: Launching & Growing,Local Market Playbooks,বাংলাদেশে ইনফ্লুয়েন্সার মার্কেটিং,Influencer marketing in Bangladesh,Playbook / Template,High,
Phase 3: Launching & Growing,Local Market Playbooks,বাংলায় এসইও,SEO in Bangla,Playbook / Template,High,
Phase 3: Launching & Growing,Local Market Playbooks,অফলাইন বিপণন এবং বিতরণ,Offline marketing and distribution,Playbook / Template,High,
Phase 3: Launching & Growing,Local Market Playbooks,ক্যাম্পাস অ্যাম্বাসেডর মডেল,Campus ambassador model,Playbook / Template,High,
Phase 3: Launching & Growing,Local Market Playbooks,মার্কেটপ্লেস বনাম নিজস্ব স্টোর: Daraz/Facebook Shop বনাম নিজের সাইট,Marketplace vs owned storefront: Daraz/Facebook Shop vs your own site,Playbook / Template,High,
Phase 3: Launching & Growing,Sales & Distribution,বাংলাদেশে এসএমই বিক্রয়,SME sales in Bangladesh,Playbook,High,
Phase 3: Launching & Growing,Sales & Distribution,বি২বি বিক্রয় স্ক্রিপ্ট,B2B sales scripts,Playbook,High,
Phase 3: Launching & Growing,Sales & Distribution,এসএমই বিক্রয় কল স্ক্রিপ্ট,SME sales call script,Playbook,High,
Phase 3: Launching & Growing,Sales & Distribution,কর্পোরেট অংশীদারিত্বের গতিশীলতা,Corporate partnership dynamics,Playbook,High,
Phase 3: Launching & Growing,Sales & Distribution,কম আস্থার বাজারে আস্থা তৈরি,Trust-building in low-trust markets,Playbook,High,
Phase 3: Launching & Growing,Sales & Distribution,ঢাকার বাইরে বিক্রি করা,Selling outside Dhaka,Playbook,High,
Phase 3: Launching & Growing,Sales & Distribution,ঢাকার বাইরে বিতরণ,Distribution outside Dhaka,Playbook,High,
Phase 3: Launching & Growing,Sales & Distribution,ঢাকা বনাম চট্টগ্রাম বনাম দ্বিতীয় স্তরের শহরের পার্থক্য,Dhaka vs Chattogram vs tier-2 city differences,Playbook,High,
Phase 3: Launching & Growing,Sales & Distribution,অফলাইন থেকে অনলাইন আচরণ,Offline-to-online behavior,Playbook,High,
Phase 3: Launching & Growing,Sales & Distribution,এসএমই ডিজিটাইজেশনের বাধা,SME digitization barriers,Playbook,High,
Phase 3: Launching & Growing,Logistics & Commerce,সিওডি এবং ডেলিভারি ঝুঁকি,COD and delivery risk,Guide / Checklist,High,
Phase 3: Launching & Growing,Logistics & Commerce,ক্যাশ-অন-ডেলিভারি ঝুঁকি চেকলিস্ট,Cash-on-delivery risk checklist,Guide / Checklist,High,
Phase 3: Launching & Growing,Logistics & Commerce,কুরিয়ার/লজিস্টিক বিকল্পগুলি,Courier/logistics options,Guide / Checklist,High,
Phase 3: Launching & Growing,Logistics & Commerce,"Pathao, Steadfast, RedX, Paperfly এবং এই জাতীয় অন্যান্য পরিষেবা প্রদানকারীদের সাথে কাজ করা","Working with Pathao, Steadfast, RedX, Paperfly and similar providers",Guide / Checklist,High,
Phase 3: Launching & Growing,Logistics & Commerce,শেষ ধাপের ডেলিভারির সীমাবদ্ধতা,Last-mile delivery constraints,Guide / Checklist,High,
Phase 3: Launching & Growing,Logistics & Commerce,ডিজিটাল কমার্স নীতিমালা এবং একটি অনলাইন শপের জন্য এতে কী কী প্রয়োজন,Digital Commerce Policy and what it requires of an online shop,Guide / Checklist,High,
Phase 3: Launching & Growing,Logistics & Commerce,মূল্য সংবেদনশীলতা এবং অর্থ প্রদানের ইচ্ছা,Price sensitivity and willingness to pay,Guide / Checklist,High,
Phase 3: Launching & Growing,Logistics & Commerce,বাংলাদেশের জন্য কিস্তি সংস্কৃতি এবং মূল্য নির্ধারণ কৌশল,Installment culture and pricing strategy for Bangladesh,Guide / Checklist,High,
Phase 3: Launching & Growing,Metrics & Operations,স্টার্টআপ মেট্রিক্স ১০১,Startup metrics 101,Guide / Calculator,High,
Phase 3: Launching & Growing,Metrics & Operations,"CAC, LTV, রিটেনশন, চর্ন, পেব্যাক","CAC, LTV, retention, churn, payback",Guide / Calculator,High,
Phase 3: Launching & Growing,Metrics & Operations,মার্কেটপ্লেস মেট্রিক্স,Marketplace metrics,Guide / Calculator,High,"Focuses on GMV, take rates, and liquidity. Tip: Essential for startups connecting buyers and sellers in the local market."
Phase 3: Launching & Growing,Metrics & Operations,ই-কমার্স মেট্রিক্স,E-commerce metrics,Guide / Calculator,High,"Focuses on CAC, AOV, LTV, and conversion rates. Tip: Use to track profitability and marketing efficiency."
Phase 3: Launching & Growing,Metrics & Operations,SaaS মেট্রিক্স,SaaS metrics,Guide / Calculator,High,
Phase 3: Launching & Growing,Metrics & Operations,ইউনিট অর্থনীতি টেমপ্লেট,Unit economics template,Guide / Calculator,High,
Phase 3: Launching & Growing,Metrics & Operations,মাসিক প্রতিষ্ঠাতা ড্যাশবোর্ড,Monthly founder dashboard,Guide / Calculator,High,
Phase 3: Launching & Growing,Metrics & Operations,একজন হিসাবরক্ষক নন এমন প্রতিষ্ঠাতার জন্য প্রয়োজনীয় প্রাথমিক হিসাবরক্ষণ/অ্যাকাউন্টিং।,Basic bookkeeping/accounting a non-accountant founder needs,Guide / Calculator,High,
Phase 3: Launching & Growing,Metrics & Operations,ভ্যাট ক্যালকুলেটর,VAT calculator,Guide / Calculator,High,
Phase 3: Launching & Growing,Metrics & Operations,ব্রেক-ইভেন ক্যালকুলেটর,Break-even calculator,Guide / Calculator,High,
Phase 3: Launching & Growing,Metrics & Operations,বেতন/পিএফ ক্যালকুলেটর,Salary/PF calculator,Guide / Calculator,High,
Phase 3: Launching & Growing,Metrics & Operations,রানওয়ে ক্যালকুলেটর,Runway calculator,Guide / Calculator,High,
Phase 3: Launching & Growing,Metrics & Operations,বাংলাদেশি স্টার্টআপগুলির জন্য সহজলভ্য এবং সাশ্রয়ী সরঞ্জাম,Tools accessible and affordable for Bangladeshi startups,Guide / Calculator,High,
Phase 3: Launching & Growing,Funding,বাংলাদেশে বুটস্ট্র্যাপিং,Bootstrapping in Bangladesh,Guide / Template,High,
Phase 3: Launching & Growing,Funding,বন্ধু এবং পরিবারের তহবিল,Friends and family funding,Guide / Template,High,
Phase 3: Launching & Growing,Funding,অ্যাঞ্জেল বিনিয়োগকারীরা,Angel investors,Guide / Template,High,
Phase 3: Launching & Growing,Funding,বাংলাদেশ অ্যাঞ্জেলস নেটওয়ার্ক,Bangladesh Angels Network,Guide / Template,High,
Phase 3: Launching & Growing,Funding,স্টার্টআপ বাংলাদেশ,Startup Bangladesh,Guide / Template,High,
Phase 3: Launching & Growing,Funding,স্থানীয় ভিসি ল্যান্ডস্কেপ,Local VC landscape,Guide / Template,High,
Phase 3: Launching & Growing,Funding,আন্তর্জাতিক বিনিয়োগকারীরা,International investors,Guide / Template,High,
Phase 3: Launching & Growing,Funding,বৈদেশিক বিনিয়োগ/এফডিআই নিয়মাবলী এবং প্রবাসীদের অর্থায়ন,Foreign investment/FDI rules and diaspora funding,Guide / Template,High,
Phase 3: Launching & Growing,Funding,বাংলাদেশে ক্রাউডফান্ডিংয়ের বৈধতা,Crowdfunding legality in Bangladesh,Guide / Template,High,
Phase 3: Launching & Growing,Funding,অনুদান এবং প্রতিযোগিতা,Grants and competitions,Guide / Template,High,
Phase 3: Launching & Growing,Funding,বাংলাদেশ ব্যাংক স্টার্টআপ তহবিল,Bangladesh Bank startup fund,Guide / Template,High,
Phase 3: Launching & Growing,Funding,আইডিয়া প্রকল্প এবং বঙ্গবন্ধু উদ্ভাবন অনুদান,iDEA Project and Bangabandhu Innovation Grant,Guide / Template,High,
Phase 3: Launching & Growing,Funding,পিচ ডেক টেমপ্লেট,Pitch deck template,Guide / Template,High,
Phase 3: Launching & Growing,Funding,তহবিল সংগ্রহের ডেটা রুমের চেকলিস্ট,Fundraising data room checklist,Guide / Template,High,
Phase 3: Launching & Growing,Funding,বিনিয়োগকারী সিআরএম,Investor CRM,Guide / Template,High,
Phase 3: Launching & Growing,Funding,মূল্যায়নের মূল বিষয়গুলি,Valuation basics,Guide / Template,High,
Phase 3: Launching & Growing,Funding,সহজ বাংলায় টার্ম শিটের মূল বিষয়াবলী,Term sheet basics in plain Bangla,Guide / Template,High,
Phase 3: Launching & Growing,Funding,সহজ বাংলায় cap table-এর বেসিক,Cap table basics in plain Bangla,Guide / Template,High,
Phase 3: Launching & Growing,Funding,প্রথম বিনিয়োগকারী বোর্ডের আসন এবং নিয়ন্ত্রণ হারানোর বিষয়টি মোকাবেলা করা,Dealing with first investor board seat and loss of control,Guide / Template,High,
Phase 3: Launching & Growing,Funding,মাসিক বিনিয়োগকারী আপডেট টেমপ্লেট,Monthly investor update template,Guide / Template,High,
Phase 3: Launching & Growing,Scaling,ঢাকার বাইরে সম্প্রসারণ,Expanding beyond Dhaka,Guide,Medium,
Phase 3: Launching & Growing,Scaling,গ্রামীণ বাজারের বিবেচনা,Rural market considerations,Guide,Medium,
Phase 3: Launching & Growing,Scaling,দক্ষিণ এশিয়ায় আঞ্চলিক হয়ে ওঠা,Going regional in South Asia,Guide,Medium,
Phase 3: Launching & Growing,Scaling,আন্তঃসীমান্ত নিয়ন্ত্রক বিবেচনা,Cross-border regulatory considerations,Guide,Medium,
Phase 3: Launching & Growing,Scaling,এজেন্সি থেকে পণ্যে রূপান্তর,Agency-to-product transition,Guide,Medium,
Phase 3: Launching & Growing,Scaling,দ্বিতীয়বারের প্রতিষ্ঠাতাদের বিষয়,Second-time founder topics,Guide,Medium,
Phase 3: Launching & Growing,Local Market Playbooks,"ফেসবুক পেজ, শপ ও ইনবক্স অপারেশনস সেটআপ","Facebook page, shop and inbox ops setup",Playbook,High,Social commerce operating guide.
Phase 3: Launching & Growing,Local Market Playbooks,WhatsApp ক্যাটালগ ও ব্রডকাস্ট কাজের ধাপ,WhatsApp catalog and broadcast workflow,Playbook,High,Sales ops content.
Phase 3: Launching & Growing,Local Market Playbooks,TikTok ও YouTube Shorts দিয়ে চাহিদা তৈরি,Creating demand with TikTok and YouTube Shorts,Playbook,Medium,DataReportal source lead for platform usage.
Phase 3: Launching & Growing,Local Market Playbooks,"কমিউনিটি সিডিং: পাবলিক গ্রুপ, ক্যাম্পাস ও নিশ কমিউনিটি","Community seeding in public groups, campuses and niches",Playbook,Medium,Founder-led distribution.
Phase 3: Launching & Growing,Local Market Playbooks,বাংলাদেশের জন্য রেফারেল প্রোগ্রাম,Referral programs for Bangladesh,Guide / Template,Medium,Trust-driven acquisition.
Phase 3: Launching & Growing,Local Market Playbooks,বাংলায় কাস্টমার সাপোর্ট স্ক্রিপ্ট,Bangla customer support scripts,Script,High,Trust and retention.
Phase 3: Launching & Growing,Local Market Playbooks,"মিডিয়া পিচ: Future Startup, Daily Star, TBS, Prothom Alo","Media pitch guide: Future Startup, Daily Star, TBS and Prothom Alo",Template,Medium,Startup PR.
Phase 3: Launching & Growing,Sales & Distribution,ডিলার ও ডিস্ট্রিবিউটর মডেল,Dealer and distributor model,Guide,High,Physical products and regional sales.
Phase 3: Launching & Growing,Sales & Distribution,রিটেইল শেলফে পণ্য বসাবেন কীভাবে,How to get retail shelf placement,Guide,Medium,For consumer products.
Phase 3: Launching & Growing,Sales & Distribution,কর্পোরেট পাইলট থেকে পেইড কনট্রাক্ট,From corporate pilot to paid contract,Playbook,High,B2B Bangladesh reality.
Phase 3: Launching & Growing,Sales & Distribution,NGO ও উন্নয়ন খাতের পার্টনারশিপ,NGO and development-sector partnerships,Guide,Medium,Relevant for impact startups.
Phase 3: Launching & Growing,Sales & Distribution,"পারচেজ অর্ডার, ইনভয়েস ও টাকা তোলার কাজের ধাপ","Purchase order, invoice and collection workflow",Guide / Template,High,SME and B2B sales ops.
Phase 3: Launching & Growing,Logistics & Commerce,"রিটার্ন, রিফান্ড ও এক্সচেঞ্জ নীতির টেমপ্লেট","Return, refund and exchange policy template",Template,High,E-commerce trust topic.
Phase 3: Launching & Growing,Logistics & Commerce,কুরিয়ার SLA তুলনা স্কোরকার্ড,Courier SLA comparison scorecard,Scorecard,High,"Pathao, Steadfast, RedX, Paperfly etc."
Phase 3: Launching & Growing,Logistics & Commerce,ঢাকার বাইরে ডেলিভারি জোন পরিকল্পনা,Delivery zone plan outside Dhaka,Template,High,Operational planning.
Phase 3: Launching & Growing,Logistics & Commerce,ফেরত আসা ও ব্যর্থ ডেলিভারি কমানোর উপায়,Reducing return-to-origin and failed delivery,Guide,High,COD-heavy market issue.
Phase 3: Launching & Growing,Logistics & Commerce,COD জালিয়াতি ও ভুয়া অর্ডার সামলানোর প্লেবুক,COD fraud and fake-order response playbook,Playbook,High,Commerce risk.
Phase 3: Launching & Growing,Metrics & Operations,ক্যাশফ্লো বনাম মুনাফা: ফাউন্ডারদের জন্য সহজ ব্যাখ্যা,Cashflow vs profit in plain language for founders,Guide,High,Bookkeeping education.
Phase 3: Launching & Growing,Metrics & Operations,ওয়ার্কিং ক্যাপিটাল সাইকেল ক্যালকুলেটর,Working capital cycle calculator,Calculator,High,Inventory and B2B payment cycles.
Phase 3: Launching & Growing,Metrics & Operations,ইনভেন্টরি টার্নওভার ক্যালকুলেটর,Inventory turnover calculator,Calculator,Medium,Commerce/physical product metrics.
Phase 3: Launching & Growing,Metrics & Operations,বাংলাদেশের প্রেক্ষাপটে cohort retention,Cohort retention in the Bangladesh context,Guide,Medium,Retention education.
Phase 3: Launching & Growing,Metrics & Operations,প্রাথমিক টিমের ম্যানুয়াল অপারেশনস ড্যাশবোর্ড,Manual ops dashboard for early teams,Template,High,Google Sheets-first operator tool.
Phase 3: Launching & Growing,Funding,গ্রান্ট আবেদন ক্যালেন্ডার,Grant application calendar,Calendar,High,"iDEA, BIG, Startup Bangladesh and accelerators."
Phase 3: Launching & Growing,Funding,BIG আবেদন গাইড,Bangabandhu Innovation Grant application guide,Guide,Medium,Source lead: iDEA / BIG.
Phase 3: Launching & Growing,Funding,Startup Bangladesh বিনিয়োগ যাচাই চেকলিস্ট,Startup Bangladesh due diligence checklist,Checklist,High,Source lead: Startup Bangladesh investment application.
Phase 3: Launching & Growing,Funding,Bangladesh Angels Network যোগাযোগ ট্র্যাকার,Bangladesh Angels Network outreach tracker,Tracker,Medium,Investor CRM variant.
Phase 3: Launching & Growing,Funding,"SAFE, convertible note ও priced round সহজ বাংলায়","SAFE, convertible notes and priced rounds in plain Bangla",Guide,High,Translate fundraising mechanics.
Phase 3: Launching & Growing,Funding,পরিবারের টাকা ক্যাপ টেবিলে কীভাবে দেখাবেন,How to reflect family money in the cap table,Guide,High,Bangladesh-specific funding reality.
Phase 3: Launching & Growing,Funding,"ব্যাংক ঋণ, SME ঋণ নাকি ইকুইটি?","Bank loan, SME loan or equity?",Comparison,Medium,For non-VC businesses too.
Phase 3: Launching & Growing,Funding,NRB বা প্রবাসী বিনিয়োগ নেওয়ার পথ,NRB or diaspora funding path,Guide,High,"Source lead: Startup Bangladesh NRB Connect, BIDA."
Phase 3: Launching & Growing,Funding,ইনভেস্টর বোর্ড রিপোর্ট টেমপ্লেট,Investor board report template,Template,Medium,Post-funding governance.
Phase 3: Launching & Growing,Scaling,নতুন শহরে লঞ্চ প্লেবুক,City launch playbook,Playbook,High,For expansion outside Dhaka.
Phase 3: Launching & Growing,Scaling,টিয়ার-২ শহরে লোকাল পার্টনার চেকলিস্ট,Tier-2 city local partner checklist,Checklist,Medium,Distribution and trust.
Phase 3: Launching & Growing,Scaling,বাংলাদেশের জন্য ওয়্যারহাউস হাব মডেল,Warehouse hub model for Bangladesh,Guide,Medium,Commerce/logistics.
Phase 3: Launching & Growing,Scaling,"আঞ্চলিক রপ্তানি: নেপাল, ভারত, মধ্যপ্রাচ্য","Regional export: Nepal, India and the Middle East",Guide,Medium,Export-oriented founders.
Phase 3: Launching & Growing,Scaling,দ্বিতীয় অফিস বা কারখানা খুললে কমপ্লায়েন্স চেকলিস্ট,Compliance checklist for a second office or factory,Checklist,Medium,Scale-stage operations.
Phase 4: Ecosystem & Support,Government Programs & Policies,হাই-টেক পার্ক কর্তৃপক্ষের প্রোগ্রামগুলি,Hi-Tech Park Authority programs,Guide / Directory,Medium,
Phase 4: Ecosystem & Support,Government Programs & Policies,বিডা ওয়ান-স্টপ পরিষেবা এবং বিনিয়োগ নীতি,BIDA one-stop services and investment policy,Guide / Directory,Medium,
Phase 4: Ecosystem & Support,Government Programs & Policies,আইটি/আইটিইএস-এর জন্য রপ্তানি প্রণোদনা,Export incentives for IT/ITES,Guide / Directory,Medium,
Phase 4: Ecosystem & Support,Government Programs & Policies,প্রযুক্তি সংস্থাগুলির জন্য কর অবকাশ,Tax holidays for tech companies,Guide / Directory,Medium,
Phase 4: Ecosystem & Support,Government Programs & Policies,বিশেষ অর্থনৈতিক অঞ্চল,Special Economic Zones,Guide / Directory,Medium,
Phase 4: Ecosystem & Support,Government Programs & Policies,সরকারি কর্মসূচির আবেদন নির্দেশিকা,Government program application guide,Guide / Directory,Medium,
Phase 4: Ecosystem & Support,Community & Networking,বেসিস সফটএক্সপো,BASIS SoftExpo,Directory / Calendar,Medium,
Phase 4: Ecosystem & Support,Community & Networking,ডিজিটাল বিশ্ব,Digital World,Directory / Calendar,Medium,
Phase 4: Ecosystem & Support,Community & Networking,টেকস্টারস-সংশ্লিষ্ট ইভেন্টগুলি,Techstars-affiliated events,Directory / Calendar,Medium,
Phase 4: Ecosystem & Support,Community & Networking,প্রতিষ্ঠাতা সম্প্রদায়,Founder communities,Directory / Calendar,Medium,
Phase 4: Ecosystem & Support,Community & Networking,পরামর্শদান কর্মসূচি,Mentorship programs,Directory / Calendar,Medium,
Phase 4: Ecosystem & Support,Community & Networking,বিশ্ববিদ্যালয় উদ্যোক্তা ইকোসিস্টেম,University entrepreneurship ecosystems,Directory / Calendar,Medium,
Phase 4: Ecosystem & Support,Community & Networking,"ব্র্যাক, এনএসইউ, ডিইউ, আইবিএ উদ্যোক্তা ক্লাব","BRAC, NSU, DU, IBA entrepreneurship clubs",Directory / Calendar,Medium,
Phase 4: Ecosystem & Support,Community & Networking,অনুষ্ঠান/সুযোগ ক্যালেন্ডার,Event/opportunity calendar,Directory / Calendar,Medium,
Phase 4: Ecosystem & Support,Government Programs & Policies,BIDA OSS অ্যাকাউন্ট খুলে সেবা অনুরোধ ট্র্যাক করা,Opening a BIDA OSS account and tracking service requests,Guide,High,Source lead: BIDA OSS.
Phase 4: Ecosystem & Support,Government Programs & Policies,Hi-Tech Park আবেদন পথচিত্র,Hi-Tech Park application path,Guide,Medium,Source lead: BHTPA.
Phase 4: Ecosystem & Support,Government Programs & Policies,BASIS সদস্যপদ: কখন দরকার,BASIS membership: when it matters,Guide,Medium,IT/ITES founder support.
Phase 4: Ecosystem & Support,Government Programs & Policies,e-CAB সদস্যপদ: অনলাইন বিক্রেতাদের জন্য মূল্য,Value of e-CAB membership for online sellers,Guide,Medium,E-commerce support.
Phase 4: Ecosystem & Support,Government Programs & Policies,ছোট উৎপাদন ব্যবসার জন্য BSCIC সহায়তা,BSCIC support for small manufacturing,Guide,Medium,Physical business support.
Phase 4: Ecosystem & Support,Community & Networking,বিশ্ববিদ্যালয় E-cell-এর সঙ্গে যোগাযোগ প্লেবুক,University E-cell outreach playbook,Playbook,Medium,Source and distribution channel.
Phase 4: Ecosystem & Support,Sector Playbooks,ফিনটেক নিয়ন্ত্রক ম্যাপ,Fintech regulatory map,Guide,High,Source lead: Bangladesh Bank.
Phase 4: Ecosystem & Support,Sector Playbooks,ই-কমার্স মার্কেটপ্লেস নিয়ন্ত্রক ম্যাপ,E-commerce marketplace regulatory map,Guide,High,Digital commerce and consumer trust.
Phase 4: Ecosystem & Support,Sector Playbooks,অ্যাগ্রিটেক স্টার্টআপ প্লেবুক,Agritech startup playbook,Playbook,Medium,"Farmers, middlemen, procurement, payments."
Phase 4: Ecosystem & Support,Sector Playbooks,হেলথটেক নিয়ন্ত্রক ম্যাপ,Healthtech regulatory map,Guide,High,"DGHS, DGDA and privacy questions."
Phase 4: Ecosystem & Support,Sector Playbooks,এডটেক: অভিভাবকের আস্থা ও গ্রাহক আনার প্লেবুক,Edtech trust and parent acquisition playbook,Playbook,Medium,Bangladesh edtech context.
Phase 4: Ecosystem & Support,Sector Playbooks,লজিস্টিকস স্টার্টআপ প্লেবুক,Logistics startup playbook,Playbook,Medium,"Courier, fleet, COD and city expansion."
Phase 4: Ecosystem & Support,Sector Playbooks,বাংলাদেশ থেকে SaaS রপ্তানির প্লেবুক,SaaS export playbook from Bangladesh,Playbook,High,"BASIS, FX, payments, global sales."
Phase 4: Ecosystem & Support,Sector Playbooks,RMG ও গার্মেন্টস অ্যাকসেসরিজ ব্যবসার গাইড,RMG and garment accessories startup guide,Guide,Medium,Export/manufacturing path.
Phase 4: Ecosystem & Support,Sector Playbooks,খাদ্য ও কৃষিপণ্য প্রক্রিয়াজাতকরণ ব্যবসার গাইড,Food and agro-processing business guide,Guide,High,"Food safety, packaging, cold chain."
Phase 4: Ecosystem & Support,Sector Playbooks,বিউটি ও পার্সোনাল কেয়ার পণ্য ব্যবসার গাইড,Beauty and personal care product business guide,Guide,Medium,"Labeling, influencers, retail."
Phase 4: Ecosystem & Support,Sector Playbooks,লাইট ইঞ্জিনিয়ারিং ও হার্ডওয়্যার উৎপাদন গাইড,Light engineering and hardware manufacturing guide,Guide,Medium,BIDA sector lead.
Phase 4: Ecosystem & Support,Sector Playbooks,পর্যটন ও ট্রাভেল স্টার্টআপ গাইড,Tourism and travel startup guide,Guide,Medium,Travel agency and payment constraints.
Founder Life,Soft Topics,ছাত্র প্রতিষ্ঠাতা সীমাবদ্ধতা,Student founder constraints,Guide / Script,Medium,
Founder Life,Soft Topics,পারিবারিক চাপ এবং কর্মজীবনের ঝুঁকি,Family pressure and career risk,Guide / Script,Medium,
Founder Life,Soft Topics,পরিবারের কাছ থেকে না পাওয়ার বিষয়ে আলোচনা: স্ক্রিপ্ট,Negotiating no from family: scripts,Guide / Script,Medium,
Founder Life,Soft Topics,প্রতিষ্ঠাতার মানসিক স্বাস্থ্য এবং অবসাদ,Founder mental health and burnout,Guide / Script,Medium,
Founder Life,Soft Topics,"ঈদ বা বিয়ের অনুষ্ঠানে আত্মীয়স্বজনরা জিজ্ঞাসা করলে কী বলবেন, এটা কি কোনো চাকরি",What to say at Eid/wedding gatherings when relatives ask if this is a job,Guide / Script,Medium,
Founder Life,Soft Topics,"নারী উদ্যোক্তাদের সীমাবদ্ধতা: নিরাপত্তা, ক্লায়েন্ট মিটিং, ভ্রমণ, দৃশ্যমানতা","Women founder constraints: safety, client meetings, travel, visibility",Guide / Script,Medium,
Founder Life,Soft Topics,প্রবাসী ফাউন্ডারদের সুবিধা,Diaspora founder advantages,Guide / Script,Medium,
Founder Life,Soft Topics,প্রবাসী ফাউন্ডারদের সীমাবদ্ধতা,Diaspora founder constraints,Guide / Script,Medium,
Founder Life,Soft Topics,পরিবারের আপত্তি সামলানোর স্ক্রিপ্ট: চাকরি না ব্যবসা?,Family objection scripts: job or business?,Script,High,Bangladesh founder-life pain point.
Founder Life,Soft Topics,নারী প্রতিষ্ঠাতার ক্লায়েন্ট মিটিং নিরাপত্তা পরিকল্পনা,Women founder safety plan for client meetings,Guide / Checklist,High,Handle sensitively with founder input.
Founder Life,Soft Topics,শিক্ষার্থী প্রতিষ্ঠাতার সেমিস্টার পরিকল্পনা,Student founder semester plan,Template,Medium,University founder workflow.
Founder Life,Soft Topics,প্রতিষ্ঠাতার মানসিক স্বাস্থ্য সহায়তা ম্যাপ,Founder mental health support map,Directory,Medium,Bangla-language support gap.
Founder Life,Soft Topics,প্রবাসী সহ-প্রতিষ্ঠাতা ও স্থানীয় অপারেটরের সম্পর্ক,Diaspora co-founder and local operator relationship,Guide,High,NRB/diaspora journey.
Case Studies,Success Stories,বিকাশ,bKash,Case Study,Medium,
Case Studies,Success Stories,পাঠাও,Pathao,Case Study,Medium,
Case Studies,Success Stories,চালডাল,Chaldal,Case Study,Medium,
Case Studies,Success Stories,ShopUp / SILQ,ShopUp / SILQ,Case Study,Medium,
Case Studies,Success Stories,১০ মিনিট স্কুল,10 Minute School,Case Study,Medium,
Case Studies,Success Stories,শিখো,Shikho,Case Study,Medium,
Case Studies,Success Stories,আইফার্মার,iFarmer,Case Study,Medium,
Case Studies,Success Stories,ট্রাক লাগবে,Truck Lagbe,Case Study,Medium,
Case Studies,Success Stories,Sheba.xyz,Sheba.xyz,Case Study,Medium,
Case Studies,Success Stories,সহজ,Shohoz,Case Study,Medium,
Case Studies,Success Stories,শেয়ারট্রিপ,ShareTrip,Case Study,Medium,
Case Studies,Success Stories,যাত্রী,Jatri,Case Study,Medium,
Case Studies,Success Stories,শাটল,Shuttle,Case Study,Medium,
Case Studies,Success Stories,প্রিয়শপ,PriyoShop,Case Study,Medium,
Case Studies,Success Stories,শাজগোজ,Shajgoj,Case Study,Medium,
Case Studies,Success Stories,মায়া,Maya,Case Study,Medium,
Case Studies,Success Stories,প্রাভা হেলথ,Praava Health,Case Study,Medium,
Case Studies,Success Stories,আরোগা,Arogga,Case Study,Medium,
Case Studies,Success Stories,মেডইজি,MedEasy,Case Study,Medium,
Case Studies,Success Stories,মার্কোপোলো এআই,Markopolo AI,Case Study,Medium,
Case Studies,Success Stories,মাইঅ্যালিস,MyAlice,Case Study,Medium,
Case Studies,Success Stories,গোজায়ান,GoZayaan,Case Study,Medium,
Case Studies,Success Stories,রোকোমারি,Rokomari,Case Study,Medium,
Case Studies,Success Stories,বিডিজবস,Bdjobs,Case Study,Medium,
Case Studies,Success Stories,পিকাবু,Pickaboo,Case Study,Medium,
Case Studies,Success Stories,পেপারফ্লাই,Paperfly,Case Study,Medium,
Case Studies,Success Stories,খাস ফুড,Khaas Food,Case Study,Medium,
Case Studies,Success Stories,অন্নরোকম গ্রুপ,OnnoRokom Group,Case Study,Medium,
Case Studies,Failure & Lessons,Failure post-mortem-কে আলাদা কনটেন্ট ক্যাটাগরি হিসেবে রাখা,Failure post-mortems as a separate content category,Case Study / Post-mortem,High,
Case Studies,Failure & Lessons,সফলতার কেস স্টাডিগুলো যা বাদ দেয়,What success case studies leave out,Case Study / Post-mortem,High,
Case Studies,Failure & Lessons,বাংলাদেশি স্টার্টআপ ব্যর্থ হওয়ার সাধারণ কারণগুলো,Common reasons Bangladeshi startups fail,Case Study / Post-mortem,High,
Case Studies,Failure & Lessons,কী কাজ করেনি এবং কেন,What did not work and why,Case Study / Post-mortem,High,
Case Studies,Success Stories,Fashol কেস স্টাডি,Fashol case study,Case Study,Medium,Agritech/physical distribution.
Case Studies,Success Stories,SOLshare কেস স্টাডি,SOLshare case study,Case Study,Medium,Energy/climate tech.
Case Studies,Success Stories,Fabrilife কেস স্টাডি,Fabrilife case study,Case Study,Medium,D2C apparel and social commerce.
Case Studies,Success Stories,Apon Wellbeing কেস স্টাডি,Apon Wellbeing case study,Case Study,Medium,Worker benefits and B2B2C.
Case Studies,Success Stories,Fashol বনাম iFarmer: অ্যাগ্রিটেকের প্রথম বাজার দখলের তুলনা,Fashol vs iFarmer: agritech wedge comparison,Case Study / Comparison,Medium,Compare market entry strategies.
Case Studies,Failure & Lessons,আগাম পেমেন্ট ই-কমার্স ব্যর্থতা থেকে শিক্ষা,Lessons from advance-payment e-commerce failures in Bangladesh,Post-mortem,High,"Trust, escrow, refunds and regulation."
Case Studies,Failure & Lessons,মার্কেটপ্লেসে আস্থা ভাঙার ব্যর্থতা-পর্যালোচনা টেমপ্লেট,Marketplace trust-collapse post-mortem template,Template,High,Reusable failure format.
Case Studies,Failure & Lessons,গ্রাহকের টাকা ধরে রাখার ব্যবসায়িক মডেল কেন ঝুঁকিপূর্ণ,Why holding customer money is a risky business model,Guide / Post-mortem,High,Relevant to commerce and fintech.
